ID,pro_ori.[0],pro_ori.[1],pro_ori.[2],pro_ori.[3],pro_ori.[4],pro_ori.[5],pro_ori.[6],pro_ori.[7],pro_dup.[0],pro_dup.[1],pro_dup.[2],pro_dup.[3],pro_dup.[4],pro_dup.[5],pro_dup.[6],pro_dup.[7]
INFL_8010,O_247,O_428,,,,,,,D_24,D_0,,,,,,
INFL_8081,,,,,O_338,,,,,,,,D_1,,,
INFL_8190,,O_533,,,,,,,,D_2,,,,,,
INFL_0004,,,,,,,,,,,D_3,,,,,
INFL_8073,,,O_173,,,O_256,,,,,D_4,,,D_5,,
INFL_0006,O_95,,,,,,O_334,,,,,,,,D_7,
INFL_8003,,,O_292,,,O_251,,,,,D_8,,,D_9,,
INFL_8091,O_549,O_428,,,,,,,D_10,D_0,,,,,,
INFL_8079,O_188,,O_209,,,O_300,,,D_11,,D_12,,,D_9,,
INFL_0010,,,,,,,,,,,,,,,,
INFL_8188,O_188,,,,,,,,D_11,,,D_13,,,,
INFL_0012,O_199,,,,,O_256,,,D_10,,,,,D_5,,
INFL_0013,O_600,,,,,,,O_269,,,,,,,,D_84
INFL_8070,O_549,,O_332,,,,O_334,,D_11,,D_14,,,,D_15,
INFL_8145,,,,,,,,O_308,D_16,,,,,,,D_17
INFL_0016,,O_567,,,,,,O_546,,D_18,,,,,,D_19
INFL_0017,O_544,O_278,,,,,,,D_20,D_21,,,,,,
INFL_8008,O_350,O_570,,,,O_5,,,D_22,D_18,,,,D_23,,
INFL_8186,O_520,O_534,,,,,,,D_24,D_2,,,,,,
INFL_0020,O_434,O_428,O_426,,,,,,D_25,D_0,D_26,,,,,
INFL_8197,O_319,,,,,,O_334,,D_22,,,,,,D_28,
INFL_8194,,O_534,O_292,,,,,O_13,,D_2,D_29,,,,,D_30
INFL_8037,,,,,,O_5,,,,,,,,D_31,,
INFL_0024,,,,,,,O_244,,,,,,,,D_32,
INFL_0025,O_285,,,,,,O_320,,D_33,,,,,,D_34,
INFL_8199,,O_533,,,,,,O_42,,D_2,,,,,,D_35
INFL_0027,,,,,,,,O_13,,,,,,,,D_30
INFL_8207,O_432,O_534,,,,,,,D_36,D_2,,,,,,
INFL_0029,O_425,,O_337,,,,,,D_36,,D_37,,,,,
INFL_8168,O_188,O_534,,,,,,,D_11,D_2,,,,,,
INFL_8169,,,,,,,,O_13,,,,,,,,D_30
INFL_8184,O_434,O_533,,,,,,,D_38,D_2,,,,,,
INFL_8185,O_434,O_534,,,,,,,D_38,D_2,,,,,,
INFL_0034,O_170,,,,,,,,D_38,,,,,,,
INFL_0035,,,O_264,,,,,,,,D_39,,,,,
INFL_8175,,,O_292,,,,,,,,D_29,,,,,
INFL_8176,,O_534,,,,,,,,D_2,,,,,,
INFL_8177,,,,,,,O_265,,,,,,,,D_40,
INFL_8178,O_165,,,,,,,,D_22,,,,,,,
INFL_8082,,O_428,,,O_338,,,,,D_0,,,D_1,,,
INFL_8020,O_247,O_534,,,,,,,D_42,,,,,,,
INFL_8118,O_289,O_534,,,,,,,D_43,,,,,,,
INFL_0043,,,O_22,,,,,,,,D_44,,,,,
INFL_0044,,O_534,O_22,,,,,,,,D_44,,,,,
INFL_8004,,O_534,O_173,,,,,,,,D_45,,,,,
INFL_8151,O_384,,O_142,,,,,,D_84,,D_602,,,,,
INFL_8157,,,,,O_306,,,,,,,,D_46,,,
INFL_0048,O_549,,,,O_306,,,,D_11,,,,D_46,,,
INFL_8048,,,,,,O_5,,,,,,,,D_23,,
INFL_8047,,O_534,,,,,,,,D_47,,,,,,
INFL_8067,,,O_47,,,,,O_308,,,D_48,,,,,D_17
INFL_8074,O_350,,,,,,,,D_22,,,,D_49,,,
INFL_0053,O_571,O_534,,,,,,,D_25,D_47,,,,,,
INFL_8108,O_374,,,,,,,,,,,,,,,
INFL_8035,O_188,O_44,,,,,,,D_51,D_52,,,,,,
INFL_0056,O_154,O_61,,,,,,,D_53,D_54,,,,,,
INFL_8057,O_124,O_124,O_47,,,,,,D_25,D_25,D_48,,,,,
INFL_0058,O_432,O_428,,,,,,,D_55,D_0,,,,,,
INFL_8012,O_573,,O_292,,,,,,D_25,,D_56,,,,,
INFL_8013,O_202,O_248,,,,,,,D_57,D_58,,,,,,
INFL_8131,O_434,O_428,,,,,,,D_38,D_0,,,,,,
INFL_8132,O_273,O_277,,,,,,,D_60,D_61,,,,,,
INFL_0063,O_298,,,,,,O_318,,D_11,,,,,,D_63,
INFL_8014,,,O_292,,,,,,,,D_56,,,,,
INFL_8208,O_285,O_534,,,,,,,D_43,D_47,,,,,,
INFL_8170,O_361,,,,,O_87,,,D_25,,,,,D_9,,
INFL_8049,O_301,O_428,,,,,,,D_66,D_0,,,,,,
INFL_8050,O_165,O_428,,,,,,,D_67,D_0,,,,,,
INFL_8051,O_24,,O_209,,,,,,D_68,,,,,,,
INFL_8027,O_319,,,,,,O_318,,D_22,,,,,,D_70,
INFL_8028,O_319,O_437,,,,,,,D_22,D_71,,,,,,
INFL_8076,O_434,O_437,,,,,,,D_38,D_71,,,,,,
INFL_8077,O_170,O_99,,,,,,,D_38,D_0,,,,,,
INFL_8078,O_102,O_278,,,,,,,D_72,D_71,,,,,,
INFL_8016,O_101,O_261,,,,,,,D_72,D_73,,,,,,
INFL_8017,O_35,O_261,,,,,,,D_74,D_73,,,,,,
INFL_8128,O_396,O_438,O_47,,,,,,D_55,D_71,D_75,,,,,
INFL_8129,O_285,,,,,,O_334,,D_22,,,,,,D_76,
INFL_8137,O_603,O_604,O_605,,,,,,D_120,D_185,D_603,,,,,
INFL_8138,,O_248,O_10,,,,,,,D_58,D_77,,,,,
INFL_8141,O_55,O_55,,,,,,,D_78,D_78,,,,,,
INFL_8142,O_9,O_534,,,,,,,D_68,D_2,,,,,,
INFL_8000,O_434,O_570,,,,,,,D_38,D_18,,,,,,
INFL_8001,O_372,O_534,,,,,,,D_81,D_2,,,,,,
INFL_0086,O_434,O_570,,,,,,,D_38,D_18,,,,,,
INFL_0087,O_279,O_428,,,,,,,D_82,D_83,,,,,,
INFL_8133,O_273,O_277,,,,,,,D_84,D_83,,,,,,
INFL_8148,O_10,O_96,,,,,,,D_68,D_71,,,,,,
INFL_8033,O_199,O_428,,,,,,,D_85,D_83,,,,,,
INFL_0091,O_507,O_348,,,,,,,D_82,D_86,,,,,,
INFL_0092,O_124,O_123,,,,,,,D_25,D_25,,,,,,
INFL_8201,O_336,,O_67,,,,,,D_50,,D_88,,,,,
INFL_8202,O_522,O_522,,,,,,,D_68,D_68,,,,,,
INFL_8203,O_522,O_278,,,,,,,D_68,D_86,,,,,,
INFL_8204,O_134,,O_16,,,,,,D_83,,D_90,,,,,
INFL_8103,O_432,O_32,,,,,,,D_91,D_86,,,,,,
INFL_8104,O_432,O_533,,,,,,,D_91,D_2,,,,,D_92,
INFL_8156,O_369,O_348,,,,,,,,D_93,,,,,,
INFL_8063,O_372,O_534,,,,,,,,D_2,,,,,,
INFL_8064,O_374,O_273,,,,,,,,D_0,,,,,,
INFL_8123,O_372,O_220,,,,,,,,D_95,,,,,,
INFL_8124,O_372,O_220,,,,,,,,D_95,,,,,,
INFL_8083,O_441,O_486,,,,,,,D_96,D_86,,,,,,
INFL_8109,O_273,O_428,,,,,,,,D_0,,,,,,
INFL_0106,O_56,O_428,,,,,,,D_97,D_0,,,,,,
INFL_8092,O_168,,,,,,,,D_82,,,,,,,
INFL_0108,O_507,,,,,,,,,,,,,,,
INFL_8093,O_224,,,,,O_561,,O_293,D_98,,,,,D_99,,D_100
INFL_0110,O_247,,,,,,,O_299,D_2,,,,,,,D_101
INFL_8052,O_270,,,,,,O_64,O_111,D_102,,,,,,D_103,D_104
INFL_8119,O_273,O_451,,,,,,O_156,D_84,D_0,,,,,,
INFL_8120,O_276,,,O_338,,,,O_73,D_106,,,D_107,,,,D_108
INFL_8110,O_473,O_103,,O_72,,,O_104,,D_109,D_2,,D_110,,,D_111,
INFL_8030,O_495,,O_538,,,,,O_65,D_0,,,,,,,D_113
INFL_0116,,O_567,O_159,O_21,,O_255,,,,D_0,D_114,,,D_116,,
INFL_8154,O_568,O_417,O_8,,,,,O_323,D_117,D_95,D_118,,,,,D_119
INFL_0118,O_445,O_444,,,,,,,D_120,D_121,,,,,,
INFL_8009,O_120,O_428,O_209,,,,,,D_119,D_0,D_122,,,,,
INFL_8071,O_188,O_531,O_10,,,,,,D_51,D_124,D_125,,,,,
INFL_8034,O_354,O_321,,,,,,O_138,D_71,D_127,,,,,,D_108
INFL_8146,O_425,O_437,,,,O_439,,,D_72,D_129,,,,D_130,,
INFL_8130,O_549,O_34,,,,O_5,,,D_78,D_124,,,,D_131,,
INFL_8187,O_95,O_99,O_98,,,,,,D_132,D_95,D_133,,,,,
INFL_8179,O_523,,,O_524,,,,O_246,D_134,,,D_135,,,,D_136
INFL_8075,O_410,,O_538,O_539,,,,,D_132,,,D_137,,,,
INFL_8005,O_421,O_278,,,,O_251,,,D_132,D_0,,,,D_131,,
INFL_0128,O_37,O_248,,O_402,,,,,D_139,D_140,,D_141,,,,
INFL_0129,O_108,O_567,O_47,O_408,,,,,D_51,D_142,D_143,,,,,
INFL_8024,,O_394,,O_510,,,,,,D_145,,D_146,,,,
INFL_0131,O_235,O_496,,,,,,O_596,D_120,D_0,,,,,,D_148
INFL_8152,O_84,,O_344,,,,,O_65,D_98,,D_149,,,,,D_150
INFL_0133,O_329,O_348,O_11,,,,,,D_120,D_95,D_152,,,,,
INFL_0134,O_188,O_428,O_174,,O_406,,,,D_51,D_0,D_154,,D_155,,,
INFL_0135,O_491,,,,,,O_435,O_73,D_139,,,,,,D_156,
INFL_0136,O_278,,O_377,,,,O_454,,D_0,,D_157,,,,D_158,
INFL_0137,O_278,,,,O_83,,,,D_0,,,,D_159,,,
INFL_8171,O_355,O_278,,O_142,,,,O_455,D_160,,,D_141,,,,
INFL_8172,O_93,,O_92,,,,O_589,O_455,D_84,,D_162,,,,D_163,
INFL_0140,O_420,O_54,O_368,O_7,,,,,D_164,D_165,D_166,D_167,,,,
INFL_0141,,O_548,,,,,,O_3,,D_142,,D_155,,,,D_169
INFL_0142,O_436,O_248,O_48,,,,,O_594,D_51,D_95,D_170,,,,,
INFL_0143,O_230,O_39,,O_72,,,,,D_139,D_171,,D_172,,,,
INFL_8159,O_165,O_533,,O_196,,,,,D_50,D_2,,D_173,,,,
INFL_0145,O_309,O_348,,,,,,,D_139,D_95,,,,,,
INFL_0146,O_188,O_211,,O_62,,,,,D_51,D_174,,D_175,,,,
INFL_0147,O_143,,O_538,,,,O_457,O_515,D_50,,,,,,D_176,D_177
INFL_0148,O_472,,,,O_470,,,,D_117,,,,D_139,,,
INFL_0149,O_549,,O_69,,O_474,,,O_555,D_78,,D_178,,D_107,,,D_179
INFL_0150,O_174,,,,,,O_65,O_385,D_174,,,,,,D_150,
INFL_8163,O_221,O_533,O_487,O_552,,,,,,D_2,D_181,D_172,,,,
INFL_8164,O_493,O_428,,,,,,O_180,D_117,D_0,,,,,,D_108
INFL_0153,O_418,O_428,,,O_306,,,,D_95,D_0,,,D_183,,,
INFL_0154,O_84,,O_190,,,,,O_456,D_98,,D_184,,,,,
INFL_0155,O_297,,,,O_304,,,O_283,D_185,,,,D_183,,,D_186
INFL_0156,,O_278,O_591,,,,O_404,O_407,,D_187,D_188,,,,D_189,D_108
INFL_0157,O_280,O_533,O_557,,,,O_527,O_65,D_50,D_2,D_190,,,,D_191,D_150
INFL_8094,O_392,O_389,O_395,,,,,,D_192,D_193,D_122,,,,,
INFL_0159,O_302,O_519,O_226,,,,,O_287,,D_95,D_165,,,,,D_185
INFL_0160,O_442,O_335,,,O_306,,,,D_195,D_196,,,D_197,,,
INFL_0161,O_449,,,,,,O_334,O_275,D_198,,,,,,D_199,D_200
INFL_0162,O_274,O_354,O_10,,,,O_334,O_323,D_50,D_71,D_202,,,,D_199,D_203
INFL_0163,,O_533,O_70,O_352,,,,O_3,,,D_205,D_184,,,,D_206
INFL_0164,O_163,,,,O_356,,,O_216,D_207,,,,D_184,,,
INFL_0165,O_416,,,,,,O_334,,D_208,,,,,,D_209,
INFL_0166,O_432,O_428,,,,,O_334,O_139,D_72,D_0,,,,,D_210,
INFL_0167,O_382,O_86,,,,O_320,O_334,O_360,D_84,D_50,,,,D_211,D_199,D_213
INFL_0168,O_483,,O_590,,,,,O_13,D_84,,D_214,,,,,
INFL_0169,O_269,,O_327,,,,O_320,,D_84,,D_216,,,,D_217,
INFL_0170,O_188,,,,,,,,D_51,,,,,,,
INFL_8143,O_56,O_534,,,O_192,,,,D_51,D_218,,,D_107,,,
INFL_8117,O_476,O_355,O_208,,O_306,,,,D_108,D_160,D_122,,D_183,,,
INFL_8147,O_323,,,,,O_359,O_318,O_597,D_51,,,,,D_221,D_199,D_223
INFL_0174,O_386,,,,,,,O_65,D_120,,,,,,,D_150
INFL_0175,O_80,,O_47,O_480,O_492,,,,D_224,,D_225,D_226,D_227,,,
INFL_0176,O_549,O_548,O_529,O_296,O_466,,,,D_78,D_0,D_225,D_165,D_107,,,
INFL_8182,O_525,,O_460,,O_306,,O_490,,D_207,,D_225,,D_227,,D_116,
INFL_0178,O_181,,O_332,,,O_91,,,D_120,,D_14,,,D_224,,
INFL_8134,O_273,O_495,O_158,,,,,,D_84,D_171,D_227,,,,,
INFL_8153,O_384,,O_85,,O_228,,,,D_84,,D_165,,D_227,,,
INFL_8200,O_202,O_533,O_463,,O_82,,O_318,,D_207,D_2,D_234,,D_107,,D_199,
INFL_0182,,O_428,,,,,,,,D_0,,,,,,
INFL_0183,O_120,O_39,,,,,,O_217,D_203,D_171,,,D_236,,,D_127
INFL_8068,O_199,O_533,O_53,O_324,,,O_114,,D_224,D_2,D_237,D_107,,,D_210,
INFL_8056,O_319,,O_446,,,O_481,,,D_72,,D_237,,,D_227,,
INFL_0186,O_372,O_428,,,,O_393,,O_13,D_224,D_0,,,,D_227,,
INFL_8042,O_494,,O_332,,O_87,,O_126,,D_207,,D_14,,D_226,,D_239,
INFL_8043,O_494,,O_194,,O_87,,O_334,,D_207,,D_240,,D_226,,D_241,
INFL_8140,O_319,O_322,,,,O_338,O_318,O_128,D_72,D_95,,,,D_107,D_199,D_242
INFL_0190,O_273,O_278,,,,O_492,,,D_84,D_185,,,,D_227,,
INFL_0191,O_137,,,,,,,,D_22,,,,,D_227,,
INFL_0192,O_271,O_206,O_183,,,,,O_562,D_120,D_0,D_243,,,,,D_244
INFL_8031,O_447,O_398,,,O_481,,O_400,,D_105,D_84,,,D_227,,D_246,
INFL_8162,O_500,,,,O_19,,,O_387,D_72,,,,D_227,,,D_247
INFL_0195,O_391,,O_401,,,,O_405,,D_224,,D_248,,,,D_249,
INFL_0196,O_549,O_348,O_46,O_72,O_306,O_242,,O_342,D_50,D_95,D_225,D_236,D_227,D_31,,D_252
INFL_0197,O_202,O_248,O_201,O_431,,,,,D_207,D_95,D_253,D_243,,,,
INFL_8173,O_345,O_534,,O_328,O_508,,,,D_38,D_2,,D_255,D_256,,,
INFL_0199,,,O_574,O_268,O_468,O_262,O_318,,,,D_257,D_225,D_258,D_259,D_260,
INFL_0200,O_390,,,O_78,O_412,,,O_323,D_84,,,D_261,D_262,,,D_203
INFL_8058,O_165,O_164,,O_586,O_511,O_559,,,D_207,D_95,,D_264,D_265,D_266,,
INFL_8195,O_234,O_428,O_237,O_30,,,O_310,,D_78,D_0,D_268,D_269,,,D_270,
INFL_0203,O_378,,O_554,,,,O_375,,D_84,,D_271,,,,D_272,
INFL_0204,O_423,O_356,O_333,,,O_318,O_320,,D_268,D_184,D_273,,,D_260,D_274,
INFL_0205,O_432,,O_356,O_575,,O_320,,,D_38,,D_184,D_275,,D_276,,
INFL_8025,O_136,,O_534,,,O_358,O_467,,D_122,,D_2,,,,D_279,
INFL_8044,O_411,,O_494,O_194,O_332,,,,D_280,,D_207,D_240,D_14,,,
INFL_0208,O_80,,O_131,,O_490,,,,D_281,,,,D_283,,,
INFL_8095,O_209,O_577,O_313,,O_581,,,,D_122,D_95,D_284,,D_285,,,
INFL_0210,O_549,O_534,O_117,,,O_251,O_409,,D_38,D_2,D_259,,,D_286,D_287,
INFL_8065,O_26,O_29,O_13,,,,,,D_288,D_289,,,D_290,,,
INFL_0212,,O_325,O_325,O_327,O_320,,,,,D_291,D_292,D_289,D_293,,,
INFL_8205,O_552,,O_203,O_518,O_422,,,,D_294,,D_295,D_296,D_259,,,
INFL_8155,O_363,,O_362,O_534,O_251,,,,D_297,,D_296,D_129,D_131,,,
INFL_8105,O_141,O_157,O_210,O_14,,O_213,,,D_84,D_108,D_131,D_299,,D_284,,
INFL_0216,O_199,O_0,,,O_1,O_12,,,D_301,D_302,,,D_131,D_303,,
INFL_0217,O_73,O_436,O_136,,O_14,O_13,,,D_108,D_51,D_306,,D_299,,,
INFL_8084,O_199,O_534,,O_68,O_530,,,,D_301,D_129,,D_307,D_308,,,
INFL_0219,,O_575,O_248,,,,O_467,O_267,,D_309,,,,,D_279,D_311
INFL_0220,O_419,O_418,O_14,,,O_478,,,D_301,,D_299,,,D_312,,
INFL_8021,O_243,O_251,O_428,O_266,O_263,,,,D_313,D_131,D_0,D_314,D_315,,,
INFL_8122,O_549,,O_567,O_538,,O_12,,,D_50,,D_171,,,D_316,,
INFL_0223,O_199,O_534,O_539,O_291,,,O_116,,D_301,D_129,D_236,D_288,,,D_318,
INFL_8029,O_165,O_437,O_489,O_318,,,,,D_207,D_319,D_312,D_199,,,,
INFL_8125,O_534,O_274,,O_461,O_343,,,,,D_84,,D_321,D_322,,,
INFL_0226,O_199,O_437,O_370,O_330,,,,,D_301,D_319,D_312,D_236,,,,
INFL_8160,O_113,O_165,,O_198,O_4,,,,D_203,D_50,,D_323,D_324,,,
INFL_0228,O_188,O_43,O_65,,O_479,O_556,,,D_51,D_0,D_150,,D_323,D_325,,
INFL_8066,O_73,O_549,O_534,O_72,O_76,,,,D_105,D_38,,D_226,D_327,,,
INFL_0230,O_355,O_81,O_432,O_13,,,,,D_160,D_297,D_72,D_215,,,,
INFL_8189,O_572,O_421,O_294,O_415,,,,,D_207,D_297,D_288,D_331,,,,
INFL_8054,O_549,O_428,O_323,O_209,,,,,D_38,D_0,D_203,D_332,,,,
INFL_0233,O_212,O_428,,O_266,O_263,,O_65,,D_72,,,D_333,D_334,,D_150,
INFL_8032,O_152,O_471,O_538,O_205,,,,,D_203,D_336,D_112,D_338,,,,
INFL_8006,,O_307,O_200,O_308,O_316,O_65,,,,D_78,D_183,D_340,D_341,D_150,,
INFL_8090,O_571,O_534,,O_535,,O_528,,O_119,D_207,D_129,,D_131,,D_342,,D_343
INFL_8181,O_138,O_273,,O_72,O_292,,,,D_108,D_84,,D_236,D_288,,,
INFL_8183,O_520,O_41,O_452,O_490,,,,,D_207,D_346,D_347,D_116,,,,
INFL_8085,O_191,,O_514,,O_161,O_122,,,D_349,,D_350,,D_351,D_352,,
INFL_0240,O_165,,,O_252,O_76,O_245,,,D_207,,,D_115,D_327,D_353,,
INFL_8022,O_120,O_115,O_112,O_109,,O_118,,,D_203,D_51,D_115,D_354,,D_343,,
INFL_8165,O_258,O_428,O_383,,,O_357,,,D_51,D_0,D_112,,,D_322,,
INFL_0243,O_224,O_220,O_16,O_340,,,,,D_98,,D_357,D_294,,,,
INFL_8113,O_421,O_417,O_14,,,,O_60,,D_301,D_95,D_357,,,,D_360,
INFL_8191,O_290,O_567,O_462,,,,,O_150,D_361,D_0,D_362,,,,,D_363
INFL_0246,O_505,O_567,O_47,,,O_251,,,D_364,,D_366,,,,,
INFL_0247,O_504,O_428,,,O_521,,,O_584,D_368,,,,,,,
INFL_0248,O_147,,O_187,,,,O_229,O_253,,,D_373,,,,,
INFL_0249,O_424,,O_333,,,O_338,,O_142,,,,,,D_378,,D_30
INFL_0250,,O_567,O_538,,O_306,,,O_567,,,D_379,,D_380,,,D_381
INFL_8041,O_36,,,O_142,,O_58,O_318,,D_382,,,D_383,,,,
INFL_0252,O_381,,,,O_492,O_10,,,D_84,,,,D_386,D_387,,
INFL_0253,,O_498,,O_338,,,O_334,O_497,,D_368,,D_383,,,,D_389
INFL_8198,,,O_66,,O_492,,O_459,O_543,,,,,D_391,,,
INFL_0255,O_175,O_174,,,,,O_171,O_176,,,,,,,D_396,
INFL_0256,O_319,O_534,,,O_59,,,O_506,D_72,,,,D_391,,,
INFL_8149,O_204,O_355,,,,,O_318,O_6,,D_402,,,,,D_403,
INFL_8055,O_154,,O_460,,,O_5,,O_159,,,,,,,,
INFL_8111,,O_534,O_513,,,O_595,,O_583,,,D_408,,,,,
INFL_0260,,O_248,,O_79,,,O_318,O_380,,,,,,,,D_414
INFL_8026,,O_351,O_155,,,,,O_484,,,D_416,,,,,D_418
INFL_0262,O_433,,O_429,,O_492,,,O_485,,,D_419,,D_391,,,
INFL_0263,,O_553,O_153,,,,O_246,O_189,,,,,,,,
INFL_8115,O_202,,O_453,,,,O_318,O_4,D_57,,,,,,D_426,D_414
INFL_0265,O_36,O_241,O_129,,,,O_232,,D_427,D_95,D_428,,,,D_429,
INFL_8127,O_520,O_534,,,,,O_582,O_50,D_207,D_129,,,,,D_331,D_203
INFL_8144,O_458,,O_366,,,,,O_178,D_84,,D_432,,,,,D_105
INFL_8107,,,O_452,,O_306,,O_125,,,,D_434,,D_435,,D_436,
INFL_0269,O_455,O_428,O_97,O_552,,,,,D_105,D_0,D_362,D_236,,,,
INFL_8038,O_290,O_335,O_10,O_509,,O_5,,,D_361,D_439,D_440,D_441,,D_434,,
INFL_0271,O_319,,O_10,,,,O_318,O_344,D_72,,D_440,,,,D_199,D_443
INFL_8045,O_182,,O_194,,,O_260,O_312,,D_84,,D_225,,,D_445,D_446,
INFL_8136,O_202,,O_365,,,O_80,,O_237,D_207,,D_441,,,D_281,,D_448
INFL_0274,,O_567,,,O_306,,O_558,O_8,,D_95,,,D_183,,D_259,D_346
INFL_8139,O_319,,O_335,O_338,,O_6,,,D_84,,D_71,D_107,,D_445,,
INFL_0276,O_436,O_428,O_10,,O_492,,,,D_51,D_0,D_440,,D_183,,,
INFL_0277,O_145,O_80,,O_144,,,,O_413,D_84,D_451,,D_226,,,,D_452
INFL_8206,O_214,O_534,O_367,O_475,,,,,D_453,D_129,D_454,D_455,,,,
INFL_8097,O_502,O_282,O_373,O_167,,,,,D_456,D_457,D_84,D_0,,,,
INFL_8015,O_13,O_320,O_292,O_448,,,,,D_458,D_459,D_190,D_460,,,,
INFL_8007,O_549,O_315,O_292,O_375,,,,,D_38,D_434,D_190,D_322,,,,
INFL_8036,,O_71,O_5,O_538,,O_320,,,,D_120,D_462,D_112,,D_463,,
INFL_8072,O_339,O_567,O_541,,O_538,,,,D_84,D_95,D_115,,D_112,,,
INFL_0284,,O_165,O_565,,O_543,O_564,,,,D_207,D_441,,D_465,D_466,,
INFL_8023,O_120,O_115,O_110,,O_109,,,,D_203,D_50,D_107,,D_465,,,
INFL_0286,O_503,,O_215,O_5,O_15,,,,D_467,,,D_469,D_470,,,
INFL_0287,O_49,O_373,O_428,O_75,,,,,D_105,D_84,D_0,D_465,,,,
INFL_0288,O_482,O_355,O_240,O_320,,,,,D_84,D_160,D_115,D_471,,,,
INFL_8046,O_494,O_259,O_194,,O_7,,,,D_38,D_470,D_188,,D_473,,,
INFL_8098,,O_545,O_197,,O_281,O_538,,,,D_474,D_115,,D_475,D_112,,
INFL_8053,,O_251,O_327,O_440,O_231,,,,,D_470,D_476,D_477,D_478,,,
INFL_8061,O_188,O_335,O_15,O_185,,,,,D_51,D_160,D_470,D_480,,,,
INFL_0293,O_450,O_162,O_537,O_263,,,,,D_38,D_185,D_481,D_482,,,,
INFL_8039,O_80,,O_7,,O_338,O_318,O_128,,D_297,,D_473,,D_107,D_485,D_486,
INFL_0295,O_346,O_90,,O_215,,O_128,,,D_487,D_107,,D_488,,D_486,,
INFL_0296,O_504,O_425,O_257,,O_551,,,,D_489,D_38,D_490,,D_491,,,
INFL_8150,O_247,,O_186,,O_542,,O_320,,D_207,,D_492,,D_177,,D_494,
INFL_0298,O_272,O_551,,O_72,O_546,,,,D_84,D_491,,D_495,D_496,,,
INFL_0299,O_373,O_534,O_338,,O_426,O_514,,,D_84,D_129,D_107,,D_497,D_498,,
INFL_0300,O_436,O_348,O_251,O_72,O_538,,,,D_51,D_160,D_470,D_500,D_112,,,
INFL_8158,O_8,O_257,,O_9,,O_202,,,D_501,D_490,,D_502,,D_192,,
INFL_8112,O_378,O_295,O_2,O_184,,,,,D_72,D_86,D_357,D_504,,,,
INFL_8062,O_188,O_335,O_15,O_72,,,,,D_51,D_160,D_470,D_226,,,,
INFL_8192,O_526,O_305,O_567,,,O_576,,,D_203,D_506,D_185,,,D_507,,
INFL_8116,O_504,O_165,O_80,O_16,,,,,D_108,D_207,D_508,D_357,,,,
INFL_8135,,O_249,O_335,,O_236,O_320,,,,D_207,D_71,,D_509,D_510,,
INFL_8018,O_285,O_335,O_95,O_6,O_13,,,,D_361,D_160,D_301,D_470,D_215,,,
INFL_0308,O_8,O_534,,,O_95,O_524,,,D_512,D_129,,,D_297,D_26,,
INFL_8059,O_371,O_436,O_428,,O_51,,,,D_105,D_51,D_0,,D_513,,,
INFL_8166,,O_549,O_52,O_130,,,,O_5,,D_38,,D_515,,,,D_470
INFL_8086,O_432,,O_540,O_251,O_514,,,,,,,D_470,D_516,,,
INFL_0312,O_202,O_335,O_534,O_338,,O_334,,,D_517,D_160,D_129,D_188,,D_518,,
INFL_8069,O_55,O_257,O_514,,,,O_516,,,D_160,D_519,,,,D_520,
INFL_0314,O_580,O_335,,O_560,O_426,,,,,D_95,,D_521,D_26,,,
INFL_0315,O_580,,O_106,O_209,,,,,,,D_522,D_332,,,,
INFL_0316,O_73,O_165,,O_512,,O_532,,,D_203,D_207,,D_523,,D_524,,
INFL_8080,O_593,O_534,O_17,O_72,,,,,D_22,D_525,D_526,D_236,,,,
INFL_0318,O_563,O_399,O_219,,O_353,,,,D_105,D_72,D_95,,D_527,,,
INFL_0319,,O_419,O_549,O_428,,O_10,,,,D_224,D_38,D_0,,D_528,,
INFL_0320,O_323,O_549,,O_460,O_318,,,,D_203,D_38,,D_225,D_388,,,
INFL_0321,O_38,O_100,O_488,O_379,,,,,D_120,D_185,D_530,D_531,,,,
INFL_0322,O_403,O_57,O_61,O_567,,,,,D_72,D_532,D_160,D_0,,,,
INFL_8096,O_73,,O_170,O_570,,O_22,,,D_105,,D_38,D_95,,D_190,,
INFL_8087,O_501,O_148,O_338,,O_160,,,,D_98,D_185,D_107,,D_536,,,
INFL_8088,O_378,O_428,,,O_538,O_251,,,D_84,D_0,,,D_112,D_470,,
INFL_8126,O_447,O_273,O_587,,,,O_119,,D_108,D_84,D_26,,,,D_537,
INFL_0327,O_520,,O_107,,O_462,,O_413,,D_207,,D_538,,D_539,,D_540,
INFL_0328,O_335,O_339,O_5,O_538,,,,,D_95,D_236,D_470,D_112,,,,
INFL_0329,O_548,O_174,O_311,,,,,,D_185,D_541,D_542,,,,,
INFL_0330,O_477,O_579,,O_74,O_232,,,,D_98,D_95,,D_112,D_544,,,
INFL_8089,O_94,O_105,O_23,,,,,,D_117,D_185,D_531,,,,,
INFL_8040,,O_428,O_33,O_80,,O_566,,,,D_0,D_546,D_297,,D_237,,
INFL_8193,O_225,,O_222,O_227,O_218,,,,D_51,,D_183,D_547,D_548,,,
INFL_0334,O_303,O_284,O_428,,O_59,,,,D_203,D_120,D_0,,D_548,,,
INFL_0335,,,,,O_89,O_237,O_592,,,,,,D_550,D_509,D_552,
INFL_8011,O_469,O_428,O_373,,,,O_538,,D_553,D_0,D_208,,,,D_112,
INFL_0337,O_385,O_151,O_5,O_536,,,,,D_105,D_84,D_470,D_555,,,,
INFL_8099,O_149,,,O_63,,,O_569,,D_84,,,D_556,,,D_557,
INFL_8100,O_499,O_168,,,O_413,,O_375,,D_558,D_84,,,,,D_559,
INFL_8102,,O_413,O_414,O_517,,O_27,,,,,D_560,D_561,,D_562,,
INFL_0341,O_482,O_77,O_306,O_31,,,,,D_84,D_563,D_183,D_546,,,,
INFL_0342,O_341,O_397,O_588,,O_314,,,,D_564,D_565,D_566,,D_38,,,
INFL_0343,O_164,O_436,O_335,O_47,,,,,D_95,D_51,D_160,D_539,,,,
INFL_8101,O_168,,O_63,,O_585,,O_375,,D_84,,D_556,,D_357,,D_559,
INFL_0345,O_176,O_170,O_306,,,O_179,,,D_105,D_38,D_183,,,D_567,,
INFL_0346,O_176,O_174,O_170,,,O_172,,,D_105,D_556,D_38,,,D_107,,
INFL_8196,O_234,O_238,,O_15,O_233,,,,D_301,D_448,,D_470,D_332,,,
INFL_0348,O_504,,O_335,,O_133,,O_412,,D_553,,D_160,,D_227,,D_448,
INFL_0349,O_247,O_248,,O_251,,,,O_578,D_207,D_95,,D_470,,,,D_569
INFL_8121,O_549,O_223,O_256,,,,O_232,,D_38,D_185,D_571,,,,D_471,
INFL_8180,O_350,O_570,,O_316,O_326,,,,D_22,D_95,,D_448,D_573,,,
INFL_0352,O_443,O_534,,O_68,,,O_465,,D_51,,,D_202,,,D_576,
INFL_8002,O_140,O_7,,,O_376,O_552,,,D_84,D_473,,,D_578,D_294,,
INFL_8060,O_73,O_577,,O_427,,,,O_28,D_105,D_95,,D_579,,,,D_580
INFL_8167,O_135,O_578,,,,O_97,O_121,,D_581,D_582,,,,D_362,D_512,
INFL_8114,O_212,O_132,O_195,,,,,O_574,D_84,D_185,D_112,,,,,D_509
INFL_0357,O_317,O_549,O_548,O_72,,,,,D_203,D_38,D_95,D_226,,,,
INFL_0358,O_319,,,O_560,O_6,,,O_146,D_22,,,D_226,D_470,,,D_585
INFL_8161,,,,O_207,O_19,O_5,,,,,,D_586,D_227,D_470,,
INFL_0360,O_188,O_45,O_428,,,,O_334,,D_51,D_582,D_0,,,,D_388,
INFL_8174,O_328,O_319,O_87,,O_92,,,,D_589,D_22,D_470,,D_590,,,
INFL_8019,O_571,O_254,O_251,,,O_40,,,D_207,,D_470,,,D_592,,
INFL_0363,O_165,O_355,O_169,O_517,,,O_263,,D_207,D_71,D_593,D_594,,,D_595,
INFL_0364,O_504,O_81,O_428,O_534,,,,,,D_593,D_0,D_129,,,,
INFL_0365,,O_567,O_552,O_401,,O_125,,,,,D_236,D_248,,D_259,,
INFL_0366,O_347,O_355,O_239,,O_193,,,,D_22,D_71,D_509,,D_598,,,
INFL_8106,O_388,,O_127,O_375,O_25,,,,D_84,,D_599,D_600,D_601,,,
